alpha,mean_cost,std_cost,catastrophe_pct,mean_reward,cvar_10_cost
0.05,250.5,30.0,14.75,-200.0,400.25
0.1,251.0,30.0,14.499999999999998,-200.0,400.5
0.25,252.5,30.0,13.749999999999998,-200.0,401.25
0.4,254.0,30.0,13.0,-200.0,402.0
0.6,256.0,30.0,12.0,-200.0,403.0
0.8,258.0,30.0,10.999999999999998,-200.0,404.0
1.0,260.0,30.0,10.0,-200.0,405.0
